Date,Description,Amount
2025-09-02,OLA CABS,3617.57
2025-09-03,DROPBOX.COM,3500.00
2025-09-11,SP * SPOTIFY,149.00
2025-09-13,PETROL PUMP #18,400.74
2025-09-22,HOTSTAR VIP,1499.00
2025-09-24,OLA CABS,3284.60
2025-09-27,DMART RETAIL #42,1925.92
2025-10-02,MAKEMYTRIP HOTELS,3840.88
2025-10-04,NETFLIX.COM 8X4F2,199.00
2025-10-04,AMAZON PRIME,299.00
2025-10-09,SPOTIFY AB,149.00
2025-10-10,BIG BAZAAR PURCHASE,2455.65
2025-10-15,LINKEDIN.COM PREMIUM,2200.00
2025-10-16,OLA CABS,2183.70
2025-10-19,APPLE SERVICES ICLOUD,75.00
2025-10-28,GOOGLE YOUTUBE,129.00
2025-11-01,OLA CABS,2402.65
2025-11-06,AMAZON PRIME MEMBERSHIP,299.00
2025-11-08,NETFLIX MONTHLY,199.00
2025-11-08,SP * SPOTIFY,149.00
2025-11-14,LINKEDIN.COM PREMIUM,2200.00
2025-11-18,MAKEMYTRIP HOTELS,4769.82
2025-11-20,APPLE SERVICES ICLOUD,75.00
2025-11-27,GOOGLE*YOUTUBEPREMIUM,129.00
2025-12-03,MAKEMYTRIP HOTELS,2270.64
2025-12-04,NETFLIX INC #4471,199.00
2025-12-05,AMAZON PRIME,299.00
2025-12-07,SPOTIFY,149.00
2025-12-07,DMART RETAIL #42,1900.87
2025-12-12,LINKEDIN PREMIUM,2200.00
2025-12-15,MAKEMYTRIP HOTELS,704.94
2025-12-18,SWIGGY ORDER 8X4F2,401.42
2025-12-21,ZOMATO FOOD 1234,1723.52
2025-12-23,APPLE.COM/BILL ICLOUD,75.00
2025-12-27,FLIPKART ORDER,3361.44
2025-12-27,DMART RETAIL #42,2061.75
2025-12-28,YOUTUBE PREMIUM,189.00
2025-12-29,UBER TRIP,4737.40
2026-01-02,ZOMATO FOOD 1234,2243.50
2026-01-03,NETFLIX.COM 8X4F2,249.00
2026-01-03,AMAZON PRIME,299.00
2026-01-03,MAKEMYTRIP HOTELS,4310.86
2026-01-09,MAKEMYTRIP HOTELS,3821.71
2026-01-10,SPOTIFY AB,149.00
2026-01-10,LINKEDIN CORP PREMIUM,2200.00
2026-01-18,APPLE.COM/BILL ICLOUD,75.00
2026-01-22,YOUTUBE PREMIUM,189.00
2026-01-27,OLA CABS,2562.93
2026-02-03,AMZN MKTP PRIME,299.00
2026-02-03,ATM WITHDRAWAL,4975.99
2026-02-06,NETFLIX INC,249.00
2026-02-08,SPOTIFY.COM AB1234,149.00
2026-02-11,LINKEDIN PREMIUM,2200.00
2026-02-17,ZOMATO FOOD 1234,1280.85
2026-02-18,ICLOUD.COM,75.00
2026-02-26,GOOGLE*YOUTUBEPREMIUM,189.00
2026-03-01,FLIPKART ORDER,1235.29
2026-03-03,NETFLIX INC,249.00
2026-03-07,SPOTIFY PREMIUM,149.00
2026-03-07,AMZN MKTP PRIME,299.00
2026-03-15,FLIPKART ORDER,4636.26
2026-03-16,LINKEDIN PREMIUM,2200.00
2026-03-23,APPLE.COM/BILL ICLOUD,75.00
2026-03-25,GOOGLE*YOUTUBEPREMIUM,189.00
2026-04-01,ATM WITHDRAWAL,2361.77
2026-04-01,DMART RETAIL #42,1428.80
2026-04-04,AMAZON.COM PRIME,299.00
2026-04-05,NETFLIX.COM 8X4F2,249.00
2026-04-05,SPOTIFY AB,149.00
2026-04-07,DMART RETAIL #42,2295.93
2026-04-15,LINKEDIN PREMIUM,2200.00
2026-04-21,GOOGLE YOUTUBE,189.00
2026-04-22,APPLE ICLOUD,75.00
2026-04-27,ATM WITHDRAWAL,992.53
2026-05-01,AMAZON.IN SHOPPING,4330.02
2026-05-02,NETFLIX.COM 8X4F2,249.00
2026-05-05,AMAZON PRIME,299.00
2026-05-05,SWIGGY ORDER 8X4F2,603.75
2026-05-10,SPOTIFY PREMIUM,149.00
2026-05-10,LINKEDIN CORP PREMIUM,2200.00
2026-05-14,ZOMATO FOOD 1234,4359.07
2026-05-19,IRCTC BOOKING 5K291,648.97
2026-05-21,ICLOUD.COM,75.00
2026-05-25,GOOGLE*YOUTUBEPREMIUM,189.00
2026-05-26,SWIGGY ORDER 8X4F2,3014.78
2026-05-30,AMAZON.COM PRIME,299.00
2026-05-31,BIG BAZAAR PURCHASE,3464.84
2026-05-31,SWIGGY ORDER 8X4F2,4846.53
2026-06-02,NETFLIX INC #4471,249.00
2026-06-03,SPOTIFY,149.00
2026-06-05,DMART RETAIL #42,1362.03
2026-06-05,ZOMATO FOOD 1234,300.41
2026-06-09,LINKEDIN CORP PREMIUM,2200.00
2026-06-16,UBER TRIP,2389.72
2026-06-20,ICLOUD.COM,75.00
2026-06-21,YT PREMIUM,189.00
2026-06-25,MAKEMYTRIP HOTELS,1189.07
2026-07-04,ATM WITHDRAWAL,4823.60
2026-07-05,NETFLIX INC,249.00
2026-07-05,AMZN MKTP PRIME,299.00
2026-07-06,SPOTIFY,149.00
2026-07-11,LINKEDIN CORP PREMIUM,2200.00
2026-07-17,APPLE SERVICES ICLOUD,75.00
2026-07-17,SWIGGY ORDER 8X4F2,1183.26
2026-07-22,PETROL PUMP #18,602.18
2026-07-23,YT PREMIUM,189.00
2026-07-24,ZOMATO FOOD 1234,350.03
2026-07-26,PETROL PUMP #18,2218.60
2026-07-29,AMAZON.COM PRIME,299.00
2026-07-31,NETFLIX INC,249.00
2026-08-04,SPOTIFY PREMIUM,149.00
2026-08-07,LINKEDIN.COM PREMIUM,2200.00
2026-08-12,MAKEMYTRIP HOTELS,3766.85
2026-08-18,APPLE.COM/BILL ICLOUD,75.00
2026-08-20,GOOGLE*YOUTUBEPREMIUM,189.00
